WebSpa Server started processing,Response from HoneyChecker has received,Elapsed time in ms
,,
correct password with 10 decoy passwords in WebSpa DB,,
2020-11-19T08:20:01.886Z,2020-11-19T08:20:02.352Z,466 ms
2020-11-19T08:20:02.353Z,2020-11-19T08:20:02.369Z,16 ms
2020-11-19T08:20:02.369Z,2020-11-19T08:20:02.384Z,15 ms
2020-11-19T08:20:02.384Z,2020-11-19T08:20:02.400Z,16 ms
2020-11-19T08:20:02.400Z,2020-11-19T08:20:02.415Z,15 ms
2020-11-19T08:20:02.415Z,2020-11-19T08:20:02.431Z,16 ms
2020-11-19T08:20:02.431Z,2020-11-19T08:20:02.446Z,15 ms
2020-11-19T08:20:02.447Z,2020-11-19T08:20:02.464Z,17 ms
2020-11-19T08:20:02.464Z,2020-11-19T08:20:02.477Z,13 ms
2020-11-19T08:20:02.477Z,2020-11-19T08:20:02.493Z,16 ms
2020-11-19T08:20:02.493Z,2020-11-19T08:20:02.507Z,14 ms
2020-11-19T08:20:02.508Z,2020-11-19T08:20:02.523Z,15 ms
2020-11-19T08:20:02.524Z,2020-11-19T08:20:02.538Z,14 ms
2020-11-19T08:20:02.539Z,2020-11-19T08:20:02.554Z,15 ms
2020-11-19T08:20:02.554Z,2020-11-19T08:20:02.569Z,15 ms
2020-11-19T08:20:02.570Z,2020-11-19T08:20:02.585Z,15 ms
2020-11-19T08:20:02.585Z,2020-11-19T08:20:02.600Z,15 ms
2020-11-19T08:20:02.600Z,2020-11-19T08:20:02.615Z,15 ms
2020-11-19T08:20:02.616Z,2020-11-19T08:20:02.631Z,15 ms
2020-11-19T08:20:02.631Z,2020-11-19T08:20:02.646Z,15 ms
2020-11-19T08:20:02.646Z,2020-11-19T08:20:02.662Z,16 ms
2020-11-19T08:20:02.662Z,2020-11-19T08:20:02.677Z,15 ms
2020-11-19T08:20:02.677Z,2020-11-19T08:20:02.695Z,18 ms
2020-11-19T08:20:02.695Z,2020-11-19T08:20:02.711Z,16 ms
2020-11-19T08:20:02.711Z,2020-11-19T08:20:02.726Z,15 ms
2020-11-19T08:20:02.726Z,2020-11-19T08:20:02.742Z,16 ms
2020-11-19T08:20:02.789Z,2020-11-19T08:20:02.820Z,31 ms
2020-11-19T08:20:02.820Z,2020-11-19T08:20:02.835Z,15 ms
2020-11-19T08:20:02.835Z,2020-11-19T08:20:02.851Z,16 ms
2020-11-19T08:20:02.851Z,2020-11-19T08:20:02.867Z,16 ms
,,
Incorrect password with 10 decoy,,
2020-11-19T08:22:20.527Z,2020-11-19T08:22:21.012Z,485 ms
2020-11-19T08:22:21.012Z,2020-11-19T08:22:21.027Z,15 ms
2020-11-19T08:22:21.027Z,2020-11-19T08:22:21.043Z,16 ms
2020-11-19T08:22:21.043Z,2020-11-19T08:22:21.059Z,16 ms
2020-11-19T08:22:21.059Z,2020-11-19T08:22:21.074Z,15 ms
2020-11-19T08:22:21.074Z,2020-11-19T08:22:21.090Z,16 ms
2020-11-19T08:22:21.090Z,2020-11-19T08:22:21.105Z,15 ms
2020-11-19T08:22:21.105Z,2020-11-19T08:22:21.121Z,16 ms
2020-11-19T08:22:21.121Z,2020-11-19T08:22:21.137Z,16 ms
2020-11-19T08:22:21.137Z,2020-11-19T08:22:21.152Z,15 ms
2020-11-19T08:22:21.152Z,2020-11-19T08:22:21.168Z,16 ms
2020-11-19T08:22:21.168Z,2020-11-19T08:22:21.184Z,16 ms
2020-11-19T08:22:21.184Z,2020-11-19T08:22:21.199Z,15 ms
2020-11-19T08:22:21.199Z,2020-11-19T08:22:21.215Z,16 ms
2020-11-19T08:22:21.215Z,2020-11-19T08:22:21.230Z,15 ms
2020-11-19T08:22:21.230Z,2020-11-19T08:22:21.246Z,16 ms
2020-11-19T08:22:21.246Z,2020-11-19T08:22:21.262Z,16 ms
2020-11-19T08:22:21.262Z,2020-11-19T08:22:21.277Z,15 ms
2020-11-19T08:22:21.277Z,2020-11-19T08:22:21.293Z,16 ms
2020-11-19T08:22:21.293Z,2020-11-19T08:22:21.309Z,16 ms
2020-11-19T08:22:21.309Z,2020-11-19T08:22:21.324Z,15 ms
2020-11-19T08:22:21.324Z,2020-11-19T08:22:21.340Z,16 ms
2020-11-19T08:22:21.340Z,2020-11-19T08:22:21.355Z,15 ms
2020-11-19T08:22:21.355Z,2020-11-19T08:22:21.371Z,16 ms
2020-11-19T08:22:21.371Z,2020-11-19T08:22:21.387Z,16 ms
2020-11-19T08:22:21.387Z,2020-11-19T08:22:21.402Z,15 ms
2020-11-19T08:22:21.402Z,2020-11-19T08:22:21.418Z,16 ms
2020-11-19T08:22:21.418Z,2020-11-19T08:22:21.434Z,16 ms
2020-11-19T08:22:21.434Z,2020-11-19T08:22:21.449Z,15 ms
2020-11-19T08:22:21.449Z,2020-11-19T08:22:21.465Z,16 ms
,,
correct password with 50 decoy,,
2020-11-19T08:23:46.620Z,2020-11-19T08:23:47.151Z,531 ms
2020-11-19T08:23:47.151Z,2020-11-19T08:23:47.182Z,31 ms
2020-11-19T08:23:47.182Z,2020-11-19T08:23:47.198Z,16 ms
2020-11-19T08:23:47.198Z,2020-11-19T08:23:47.213Z,15 ms
2020-11-19T08:23:47.213Z,2020-11-19T08:23:47.229Z,16 ms
2020-11-19T08:23:47.229Z,2020-11-19T08:23:47.244Z,15 ms
2020-11-19T08:23:47.244Z,2020-11-19T08:23:47.260Z,16 ms
2020-11-19T08:23:47.260Z,2020-11-19T08:23:47.276Z,16 ms
2020-11-19T08:23:47.276Z,2020-11-19T08:23:47.291Z,15 ms
2020-11-19T08:23:47.291Z,2020-11-19T08:23:47.307Z,16 ms
2020-11-19T08:23:47.307Z,2020-11-19T08:23:47.323Z,16 ms
2020-11-19T08:23:47.323Z,2020-11-19T08:23:47.339Z,16 ms
2020-11-19T08:23:47.339Z,2020-11-19T08:23:47.354Z,15 ms
2020-11-19T08:23:47.354Z,2020-11-19T08:23:47.370Z,16 ms
2020-11-19T08:23:47.370Z,2020-11-19T08:23:47.385Z,15 ms
2020-11-19T08:23:47.385Z,2020-11-19T08:23:47.401Z,16 ms
2020-11-19T08:23:47.401Z,2020-11-19T08:23:47.417Z,16 ms
2020-11-19T08:23:47.417Z,2020-11-19T08:23:47.432Z,15 ms
2020-11-19T08:23:47.432Z,2020-11-19T08:23:47.448Z,16 ms
2020-11-19T08:23:47.448Z,2020-11-19T08:23:47.464Z,16 ms
2020-11-19T08:23:47.464Z,2020-11-19T08:23:47.479Z,15 ms
2020-11-19T08:23:47.479Z,2020-11-19T08:23:47.495Z,16 ms
2020-11-19T08:23:47.495Z,2020-11-19T08:23:47.510Z,15 ms
2020-11-19T08:23:47.510Z,2020-11-19T08:23:47.526Z,16 ms
2020-11-19T08:23:47.526Z,2020-11-19T08:23:47.542Z,16 ms
2020-11-19T08:23:47.542Z,2020-11-19T08:23:47.557Z,15 ms
2020-11-19T08:23:47.557Z,2020-11-19T08:23:47.573Z,16 ms
2020-11-19T08:23:47.573Z,2020-11-19T08:23:47.589Z,16 ms
2020-11-19T08:23:47.589Z,2020-11-19T08:23:47.604Z,15 ms
2020-11-19T08:23:47.604Z,2020-11-19T08:23:47.620Z,16 ms
,,
Incorrect password with 50 decoy,,
2020-11-19T08:24:50.126Z,2020-11-19T08:24:50.583Z,457 ms
2020-11-19T08:24:50.599Z,2020-11-19T08:24:50.615Z,16 ms
2020-11-19T08:24:50.615Z,2020-11-19T08:24:50.630Z,15 ms
2020-11-19T08:24:50.630Z,2020-11-19T08:24:50.646Z,16 ms
2020-11-19T08:24:50.646Z,2020-11-19T08:24:50.662Z,16 ms
2020-11-19T08:24:50.662Z,2020-11-19T08:24:50.677Z,15 ms
2020-11-19T08:24:50.677Z,2020-11-19T08:24:50.693Z,16 ms
2020-11-19T08:24:50.693Z,2020-11-19T08:24:50.708Z,15 ms
2020-11-19T08:24:50.708Z,2020-11-19T08:24:50.724Z,16 ms
2020-11-19T08:24:50.724Z,2020-11-19T08:24:50.740Z,16 ms
2020-11-19T08:24:50.740Z,2020-11-19T08:24:50.755Z,15 ms
2020-11-19T08:24:50.755Z,2020-11-19T08:24:50.771Z,16 ms
2020-11-19T08:24:50.771Z,2020-11-19T08:24:50.786Z,15 ms
2020-11-19T08:24:50.786Z,2020-11-19T08:24:50.802Z,16 ms
2020-11-19T08:24:50.802Z,2020-11-19T08:24:50.818Z,16 ms
2020-11-19T08:24:50.818Z,2020-11-19T08:24:50.833Z,15 ms
2020-11-19T08:24:50.833Z,2020-11-19T08:24:50.849Z,16 ms
2020-11-19T08:24:50.849Z,2020-11-19T08:24:50.865Z,16 ms
2020-11-19T08:24:50.865Z,2020-11-19T08:24:50.880Z,15 ms
2020-11-19T08:24:50.880Z,2020-11-19T08:24:50.896Z,16 ms
2020-11-19T08:24:50.896Z,2020-11-19T08:24:50.911Z,15 ms
2020-11-19T08:24:50.911Z,2020-11-19T08:24:50.927Z,16 ms
2020-11-19T08:24:50.927Z,2020-11-19T08:24:50.943Z,16 ms
2020-11-19T08:24:50.943Z,2020-11-19T08:24:50.958Z,15 ms
2020-11-19T08:24:50.958Z,2020-11-19T08:24:50.974Z,16 ms
2020-11-19T08:24:50.974Z,2020-11-19T08:24:50.990Z,16 ms
2020-11-19T08:24:50.990Z,2020-11-19T08:24:51.005Z,15 ms
2020-11-19T08:24:51.005Z,2020-11-19T08:24:51.021Z,16 ms
2020-11-19T08:24:51.021Z,2020-11-19T08:24:51.036Z,15 ms
2020-11-19T08:24:51.036Z,2020-11-19T08:24:51.052Z,16 ms
,,
correct password with 100 decoy,,
2020-11-19T08:26:25.947Z,2020-11-19T08:26:26.462Z,515 ms
2020-11-19T08:26:26.462Z,2020-11-19T08:26:26.494Z,32 ms
2020-11-19T08:26:26.494Z,2020-11-19T08:26:26.509Z,15 ms
2020-11-19T08:26:26.509Z,2020-11-19T08:26:26.525Z,16 ms
2020-11-19T08:26:26.525Z,2020-11-19T08:26:26.541Z,16 ms
2020-11-19T08:26:26.541Z,2020-11-19T08:26:26.556Z,15 ms
2020-11-19T08:26:26.556Z,2020-11-19T08:26:26.572Z,16 ms
2020-11-19T08:26:26.572Z,2020-11-19T08:26:26.587Z,15 ms
2020-11-19T08:26:26.587Z,2020-11-19T08:26:26.603Z,16 ms
2020-11-19T08:26:26.603Z,2020-11-19T08:26:26.619Z,16 ms
2020-11-19T08:26:26.619Z,2020-11-19T08:26:26.634Z,15 ms
2020-11-19T08:26:26.634Z,2020-11-19T08:26:26.650Z,16 ms
2020-11-19T08:26:26.650Z,2020-11-19T08:26:26.666Z,16 ms
2020-11-19T08:26:26.666Z,2020-11-19T08:26:26.681Z,15 ms
2020-11-19T08:26:26.681Z,2020-11-19T08:26:26.697Z,16 ms
2020-11-19T08:26:26.697Z,2020-11-19T08:26:26.712Z,15 ms
2020-11-19T08:26:26.712Z,2020-11-19T08:26:26.728Z,16 ms
2020-11-19T08:26:26.728Z,2020-11-19T08:26:26.744Z,16 ms
2020-11-19T08:26:26.744Z,2020-11-19T08:26:26.759Z,15 ms
2020-11-19T08:26:26.759Z,2020-11-19T08:26:26.775Z,16 ms
2020-11-19T08:26:26.775Z,2020-11-19T08:26:26.791Z,16 ms
2020-11-19T08:26:26.791Z,2020-11-19T08:26:26.806Z,15 ms
2020-11-19T08:26:26.806Z,2020-11-19T08:26:26.822Z,16 ms
2020-11-19T08:26:26.822Z,2020-11-19T08:26:26.837Z,15 ms
2020-11-19T08:26:26.837Z,2020-11-19T08:26:26.853Z,16 ms
2020-11-19T08:26:26.853Z,2020-11-19T08:26:26.869Z,16 ms
2020-11-19T08:26:26.869Z,2020-11-19T08:26:26.884Z,15 ms
2020-11-19T08:26:26.884Z,2020-11-19T08:26:26.900Z,16 ms
2020-11-19T08:26:26.900Z,2020-11-19T08:26:26.916Z,16 ms
2020-11-19T08:26:26.916Z,2020-11-19T08:26:26.931Z,15 ms
,,
incorrect passwords with 100 decoy,,
2020-11-19T08:27:09.936Z,2020-11-19T08:27:10.405Z,469 ms
2020-11-19T08:27:10.421Z,2020-11-19T08:27:10.436Z,15 ms
2020-11-19T08:27:10.436Z,2020-11-19T08:27:10.452Z,16 ms
2020-11-19T08:27:10.452Z,2020-11-19T08:27:10.467Z,15 ms
2020-11-19T08:27:10.467Z,2020-11-19T08:27:10.483Z,16 ms
2020-11-19T08:27:10.483Z,2020-11-19T08:27:10.499Z,16 ms
2020-11-19T08:27:10.499Z,2020-11-19T08:27:10.514Z,15 ms
2020-11-19T08:27:10.514Z,2020-11-19T08:27:10.530Z,16 ms
2020-11-19T08:27:10.530Z,2020-11-19T08:27:10.546Z,16 ms
2020-11-19T08:27:10.546Z,2020-11-19T08:27:10.561Z,15 ms
2020-11-19T08:27:10.561Z,2020-11-19T08:27:10.577Z,16 ms
2020-11-19T08:27:10.577Z,2020-11-19T08:27:10.592Z,15 ms
2020-11-19T08:27:10.592Z,2020-11-19T08:27:10.608Z,16 ms
2020-11-19T08:27:10.608Z,2020-11-19T08:27:10.624Z,16 ms
2020-11-19T08:27:10.624Z,2020-11-19T08:27:10.639Z,15 ms
2020-11-19T08:27:10.639Z,2020-11-19T08:27:10.655Z,16 ms
2020-11-19T08:27:10.655Z,2020-11-19T08:27:10.671Z,16 ms
2020-11-19T08:27:10.671Z,2020-11-19T08:27:10.688Z,17 ms
2020-11-19T08:27:10.688Z,2020-11-19T08:27:10.707Z,19 ms
2020-11-19T08:27:10.707Z,2020-11-19T08:27:10.723Z,16 ms
2020-11-19T08:27:10.723Z,2020-11-19T08:27:10.738Z,15 ms
2020-11-19T08:27:10.738Z,2020-11-19T08:27:10.754Z,16 ms
2020-11-19T08:27:10.754Z,2020-11-19T08:27:10.770Z,16 ms
2020-11-19T08:27:10.770Z,2020-11-19T08:27:10.785Z,15 ms
2020-11-19T08:27:10.785Z,2020-11-19T08:27:10.801Z,16 ms
2020-11-19T08:27:10.801Z,2020-11-19T08:27:10.817Z,16 ms
2020-11-19T08:27:10.817Z,2020-11-19T08:27:10.832Z,15 ms
2020-11-19T08:27:10.832Z,2020-11-19T08:27:10.848Z,16 ms
2020-11-19T08:27:10.848Z,2020-11-19T08:27:10.864Z,16 ms
2020-11-19T08:27:10.864Z,2020-11-19T08:27:10.879Z,15 ms
,,
correct password with 250 decoy,,
2020-11-19T08:29:04.880Z,2020-11-19T08:29:05.380Z,500 ms
2020-11-19T08:29:05.380Z,2020-11-19T08:29:05.412Z,32 ms
2020-11-19T08:29:05.412Z,2020-11-19T08:29:05.427Z,15 ms
2020-11-19T08:29:05.427Z,2020-11-19T08:29:05.443Z,16 ms
2020-11-19T08:29:05.443Z,2020-11-19T08:29:05.458Z,15 ms
2020-11-19T08:29:05.458Z,2020-11-19T08:29:05.474Z,16 ms
2020-11-19T08:29:05.474Z,2020-11-19T08:29:05.490Z,16 ms
2020-11-19T08:29:05.490Z,2020-11-19T08:29:05.505Z,15 ms
2020-11-19T08:29:05.505Z,2020-11-19T08:29:05.521Z,16 ms
2020-11-19T08:29:05.521Z,2020-11-19T08:29:05.537Z,16 ms
2020-11-19T08:29:05.537Z,2020-11-19T08:29:05.553Z,16 ms
2020-11-19T08:29:05.553Z,2020-11-19T08:29:05.568Z,15 ms
2020-11-19T08:29:05.568Z,2020-11-19T08:29:05.584Z,16 ms
2020-11-19T08:29:05.584Z,2020-11-19T08:29:05.599Z,15 ms
2020-11-19T08:29:05.599Z,2020-11-19T08:29:05.615Z,16 ms
2020-11-19T08:29:05.615Z,2020-11-19T08:29:05.631Z,16 ms
2020-11-19T08:29:05.631Z,2020-11-19T08:29:05.646Z,15 ms
2020-11-19T08:29:05.646Z,2020-11-19T08:29:05.662Z,16 ms
2020-11-19T08:29:05.662Z,2020-11-19T08:29:05.679Z,17 ms
2020-11-19T08:29:05.679Z,2020-11-19T08:29:05.695Z,16 ms
2020-11-19T08:29:05.695Z,2020-11-19T08:29:05.710Z,15 ms
2020-11-19T08:29:05.710Z,2020-11-19T08:29:05.726Z,16 ms
2020-11-19T08:29:05.726Z,2020-11-19T08:29:05.741Z,15 ms
2020-11-19T08:29:05.741Z,2020-11-19T08:29:05.757Z,16 ms
2020-11-19T08:29:05.757Z,2020-11-19T08:29:05.772Z,15 ms
2020-11-19T08:29:05.772Z,2020-11-19T08:29:05.788Z,16 ms
2020-11-19T08:29:05.788Z,2020-11-19T08:29:05.803Z,15 ms
2020-11-19T08:29:05.804Z,2020-11-19T08:29:05.819Z,15 ms
2020-11-19T08:29:05.820Z,2020-11-19T08:29:05.834Z,14 ms
2020-11-19T08:29:05.835Z,2020-11-19T08:29:05.851Z,16 ms
,,
Incorrect password with 250 decoy,,
2020-11-19T08:29:46.718Z,2020-11-19T08:29:47.250Z,532 ms
2020-11-19T08:29:47.250Z,2020-11-19T08:29:47.265Z,15 ms
2020-11-19T08:29:47.265Z,2020-11-19T08:29:47.281Z,16 ms
2020-11-19T08:29:47.281Z,2020-11-19T08:29:47.297Z,16 ms
2020-11-19T08:29:47.297Z,2020-11-19T08:29:47.312Z,15 ms
2020-11-19T08:29:47.312Z,2020-11-19T08:29:47.328Z,16 ms
2020-11-19T08:29:47.328Z,2020-11-19T08:29:47.343Z,15 ms
2020-11-19T08:29:47.343Z,2020-11-19T08:29:47.359Z,16 ms
2020-11-19T08:29:47.359Z,2020-11-19T08:29:47.375Z,16 ms
2020-11-19T08:29:47.375Z,2020-11-19T08:29:47.390Z,15 ms
2020-11-19T08:29:47.390Z,2020-11-19T08:29:47.406Z,16 ms
2020-11-19T08:29:47.406Z,2020-11-19T08:29:47.421Z,15 ms
2020-11-19T08:29:47.421Z,2020-11-19T08:29:47.437Z,16 ms
2020-11-19T08:29:47.437Z,2020-11-19T08:29:47.453Z,16 ms
2020-11-19T08:29:47.453Z,2020-11-19T08:29:47.468Z,15 ms
2020-11-19T08:29:47.468Z,2020-11-19T08:29:47.484Z,16 ms
2020-11-19T08:29:47.484Z,2020-11-19T08:29:47.500Z,16 ms
2020-11-19T08:29:47.500Z,2020-11-19T08:29:47.515Z,15 ms
2020-11-19T08:29:47.515Z,2020-11-19T08:29:47.531Z,16 ms
2020-11-19T08:29:47.531Z,2020-11-19T08:29:47.546Z,15 ms
2020-11-19T08:29:47.546Z,2020-11-19T08:29:47.562Z,16 ms
2020-11-19T08:29:47.562Z,2020-11-19T08:29:47.578Z,16 ms
2020-11-19T08:29:47.578Z,2020-11-19T08:29:47.593Z,15 ms
2020-11-19T08:29:47.593Z,2020-11-19T08:29:47.609Z,16 ms
2020-11-19T08:29:47.609Z,2020-11-19T08:29:47.625Z,16 ms
2020-11-19T08:29:47.625Z,2020-11-19T08:29:47.640Z,15 ms
2020-11-19T08:29:47.640Z,2020-11-19T08:29:47.656Z,16 ms
2020-11-19T08:29:47.656Z,2020-11-19T08:29:47.671Z,15 ms
2020-11-19T08:29:47.671Z,2020-11-19T08:29:47.687Z,16 ms
2020-11-19T08:29:47.687Z,2020-11-19T08:29:47.703Z,16 ms
,,
correct password with 500 decoy,,
2020-11-19T08:30:57.725Z,2020-11-19T08:30:58.194Z,469 ms
2020-11-19T08:30:58.194Z,2020-11-19T08:30:58.209Z,15 ms
2020-11-19T08:30:58.209Z,2020-11-19T08:30:58.225Z,16 ms
2020-11-19T08:30:58.225Z,2020-11-19T08:30:58.241Z,16 ms
2020-11-19T08:30:58.241Z,2020-11-19T08:30:58.256Z,15 ms
2020-11-19T08:30:58.256Z,2020-11-19T08:30:58.272Z,16 ms
2020-11-19T08:30:58.272Z,2020-11-19T08:30:58.288Z,16 ms
2020-11-19T08:30:58.288Z,2020-11-19T08:30:58.303Z,15 ms
2020-11-19T08:30:58.303Z,2020-11-19T08:30:58.319Z,16 ms
2020-11-19T08:30:58.319Z,2020-11-19T08:30:58.334Z,15 ms
2020-11-19T08:30:58.334Z,2020-11-19T08:30:58.350Z,16 ms
2020-11-19T08:30:58.350Z,2020-11-19T08:30:58.366Z,16 ms
2020-11-19T08:30:58.366Z,2020-11-19T08:30:58.381Z,15 ms
2020-11-19T08:30:58.381Z,2020-11-19T08:30:58.397Z,16 ms
2020-11-19T08:30:58.397Z,2020-11-19T08:30:58.412Z,15 ms
2020-11-19T08:30:58.412Z,2020-11-19T08:30:58.428Z,16 ms
2020-11-19T08:30:58.428Z,2020-11-19T08:30:58.444Z,16 ms
2020-11-19T08:30:58.444Z,2020-11-19T08:30:58.459Z,15 ms
2020-11-19T08:30:58.459Z,2020-11-19T08:30:58.475Z,16 ms
2020-11-19T08:30:58.475Z,2020-11-19T08:30:58.491Z,16 ms
2020-11-19T08:30:58.491Z,2020-11-19T08:30:58.506Z,15 ms
2020-11-19T08:30:58.506Z,2020-11-19T08:30:58.522Z,16 ms
2020-11-19T08:30:58.522Z,2020-11-19T08:30:58.537Z,15 ms
2020-11-19T08:30:58.537Z,2020-11-19T08:30:58.553Z,16 ms
2020-11-19T08:30:58.553Z,2020-11-19T08:30:58.569Z,16 ms
2020-11-19T08:30:58.569Z,2020-11-19T08:30:58.584Z,15 ms
2020-11-19T08:30:58.584Z,2020-11-19T08:30:58.600Z,16 ms
2020-11-19T08:30:58.600Z,2020-11-19T08:30:58.616Z,16 ms
2020-11-19T08:30:58.616Z,2020-11-19T08:30:58.631Z,15 ms
2020-11-19T08:30:58.631Z,2020-11-19T08:30:58.647Z,16 ms
,,
Incorrect password with 500 decoy,,
2020-11-19T08:32:26.708Z,2020-11-19T08:32:27.239Z,531 ms
2020-11-19T08:32:27.239Z,2020-11-19T08:32:27.254Z,15 ms
2020-11-19T08:32:27.254Z,2020-11-19T08:32:27.270Z,16 ms
2020-11-19T08:32:27.270Z,2020-11-19T08:32:27.286Z,16 ms
2020-11-19T08:32:27.286Z,2020-11-19T08:32:27.301Z,15 ms
2020-11-19T08:32:27.301Z,2020-11-19T08:32:27.317Z,16 ms
2020-11-19T08:32:27.317Z,2020-11-19T08:32:27.333Z,16 ms
2020-11-19T08:32:27.333Z,2020-11-19T08:32:27.348Z,15 ms
2020-11-19T08:32:27.348Z,2020-11-19T08:32:27.364Z,16 ms
2020-11-19T08:32:27.364Z,2020-11-19T08:32:27.395Z,31 ms
2020-11-19T08:32:27.395Z,2020-11-19T08:32:27.411Z,16 ms
2020-11-19T08:32:27.411Z,2020-11-19T08:32:27.427Z,16 ms
2020-11-19T08:32:27.427Z,2020-11-19T08:32:27.442Z,15 ms
2020-11-19T08:32:27.442Z,2020-11-19T08:32:27.458Z,16 ms
2020-11-19T08:32:27.458Z,2020-11-19T08:32:27.474Z,16 ms
2020-11-19T08:32:27.474Z,2020-11-19T08:32:27.489Z,15 ms
2020-11-19T08:32:27.489Z,2020-11-19T08:32:27.505Z,16 ms
2020-11-19T08:32:27.505Z,2020-11-19T08:32:27.520Z,15 ms
2020-11-19T08:32:27.520Z,2020-11-19T08:32:27.536Z,16 ms
2020-11-19T08:32:27.536Z,2020-11-19T08:32:27.552Z,16 ms
2020-11-19T08:32:27.552Z,2020-11-19T08:32:27.567Z,15 ms
2020-11-19T08:32:27.567Z,2020-11-19T08:32:27.583Z,16 ms
2020-11-19T08:32:27.583Z,2020-11-19T08:32:27.598Z,15 ms
2020-11-19T08:32:27.598Z,2020-11-19T08:32:27.614Z,16 ms
2020-11-19T08:32:27.614Z,2020-11-19T08:32:27.630Z,16 ms
2020-11-19T08:32:27.630Z,2020-11-19T08:32:27.645Z,15 ms
2020-11-19T08:32:27.645Z,2020-11-19T08:32:27.661Z,16 ms
2020-11-19T08:32:27.661Z,2020-11-19T08:32:27.678Z,17 ms
2020-11-19T08:32:27.678Z,2020-11-19T08:32:27.693Z,15 ms
2020-11-19T08:32:27.694Z,2020-11-19T08:32:27.709Z,15 ms
,,
correct password with 1000 decoy,,
2020-11-19T08:35:08.144Z,2020-11-19T08:35:08.660Z,516 ms
2020-11-19T08:35:08.660Z,2020-11-19T08:35:08.675Z,15 ms
2020-11-19T08:35:08.675Z,2020-11-19T08:35:08.691Z,16 ms
2020-11-19T08:35:08.691Z,2020-11-19T08:35:08.706Z,15 ms
2020-11-19T08:35:08.706Z,2020-11-19T08:35:08.722Z,16 ms
2020-11-19T08:35:08.722Z,2020-11-19T08:35:08.738Z,16 ms
2020-11-19T08:35:08.738Z,2020-11-19T08:35:08.753Z,15 ms
2020-11-19T08:35:08.753Z,2020-11-19T08:35:08.769Z,16 ms
2020-11-19T08:35:08.769Z,2020-11-19T08:35:08.785Z,16 ms
2020-11-19T08:35:08.785Z,2020-11-19T08:35:08.800Z,15 ms
2020-11-19T08:35:08.800Z,2020-11-19T08:35:08.816Z,16 ms
2020-11-19T08:35:08.816Z,2020-11-19T08:35:08.831Z,15 ms
2020-11-19T08:35:08.831Z,2020-11-19T08:35:08.847Z,16 ms
2020-11-19T08:35:08.847Z,2020-11-19T08:35:08.863Z,16 ms
2020-11-19T08:35:08.863Z,2020-11-19T08:35:08.878Z,15 ms
2020-11-19T08:35:08.878Z,2020-11-19T08:35:08.894Z,16 ms
2020-11-19T08:35:08.894Z,2020-11-19T08:35:08.909Z,15 ms
2020-11-19T08:35:08.909Z,2020-11-19T08:35:08.925Z,16 ms
2020-11-19T08:35:08.925Z,2020-11-19T08:35:08.941Z,16 ms
2020-11-19T08:35:08.941Z,2020-11-19T08:35:08.956Z,15 ms
2020-11-19T08:35:08.956Z,2020-11-19T08:35:08.972Z,16 ms
2020-11-19T08:35:08.972Z,2020-11-19T08:35:08.988Z,16 ms
2020-11-19T08:35:08.988Z,2020-11-19T08:35:09.003Z,15 ms
2020-11-19T08:35:09.003Z,2020-11-19T08:35:09.019Z,16 ms
2020-11-19T08:35:09.019Z,2020-11-19T08:35:09.034Z,15 ms
2020-11-19T08:35:09.034Z,2020-11-19T08:35:09.050Z,16 ms
2020-11-19T08:35:09.050Z,2020-11-19T08:35:09.066Z,16 ms
2020-11-19T08:35:09.066Z,2020-11-19T08:35:09.081Z,15 ms
2020-11-19T08:35:09.081Z,2020-11-19T08:35:09.097Z,16 ms
2020-11-19T08:35:09.097Z,2020-11-19T08:35:09.113Z,16 ms
,,
Incorrect password with 1000 decoy,,
2020-11-19T08:36:15.294Z,2020-11-19T08:36:15.794Z,500 ms
2020-11-19T08:36:15.794Z,2020-11-19T08:36:15.825Z,31 ms
2020-11-19T08:36:15.825Z,2020-11-19T08:36:15.841Z,16 ms
2020-11-19T08:36:15.841Z,2020-11-19T08:36:15.857Z,16 ms
2020-11-19T08:36:15.857Z,2020-11-19T08:36:15.872Z,15 ms
2020-11-19T08:36:15.872Z,2020-11-19T08:36:15.888Z,16 ms
2020-11-19T08:36:15.888Z,2020-11-19T08:36:15.904Z,16 ms
2020-11-19T08:36:15.904Z,2020-11-19T08:36:15.919Z,15 ms
2020-11-19T08:36:15.919Z,2020-11-19T08:36:15.935Z,16 ms
2020-11-19T08:36:15.935Z,2020-11-19T08:36:15.950Z,15 ms
2020-11-19T08:36:15.950Z,2020-11-19T08:36:15.966Z,16 ms
2020-11-19T08:36:15.966Z,2020-11-19T08:36:15.982Z,16 ms
2020-11-19T08:36:15.982Z,2020-11-19T08:36:15.997Z,15 ms
2020-11-19T08:36:15.997Z,2020-11-19T08:36:16.013Z,16 ms
2020-11-19T08:36:16.013Z,2020-11-19T08:36:16.029Z,16 ms
2020-11-19T08:36:16.029Z,2020-11-19T08:36:16.044Z,15 ms
2020-11-19T08:36:16.044Z,2020-11-19T08:36:16.060Z,16 ms
2020-11-19T08:36:16.060Z,2020-11-19T08:36:16.075Z,15 ms
2020-11-19T08:36:16.075Z,2020-11-19T08:36:16.091Z,16 ms
2020-11-19T08:36:16.091Z,2020-11-19T08:36:16.107Z,16 ms
2020-11-19T08:36:16.107Z,2020-11-19T08:36:16.122Z,15 ms
2020-11-19T08:36:16.122Z,2020-11-19T08:36:16.138Z,16 ms
2020-11-19T08:36:16.138Z,2020-11-19T08:36:16.154Z,16 ms
2020-11-19T08:36:16.154Z,2020-11-19T08:36:16.169Z,15 ms
2020-11-19T08:36:16.169Z,2020-11-19T08:36:16.185Z,16 ms
2020-11-19T08:36:16.185Z,2020-11-19T08:36:16.200Z,15 ms
2020-11-19T08:36:16.200Z,2020-11-19T08:36:16.216Z,16 ms
2020-11-19T08:36:16.216Z,2020-11-19T08:36:16.232Z,16 ms
2020-11-19T08:36:16.232Z,2020-11-19T08:36:16.247Z,15 ms
2020-11-19T08:36:16.247Z,2020-11-19T08:36:16.263Z,16 ms
2020-11-19T16:48:58.643Z,2020-11-19T16:50:34.205Z,95562 ms
2020-11-19T16:50:58.456Z,2020-11-19T16:51:04.242Z,5786 ms
2020-11-19T16:51:07.450Z,2020-11-19T16:51:44.279Z,36829 ms
2020-11-19T16:51:44.280Z,2020-11-19T16:51:48.430Z,4150 ms
2020-11-19T16:51:48.431Z,2020-11-19T16:52:00.337Z,11906 ms
2020-11-19T16:52:00.339Z,2020-11-19T16:52:05.959Z,5620 ms
2020-11-19T16:52:05.960Z,2020-11-19T16:52:07.849Z,1889 ms
2020-11-19T16:52:07.850Z,2020-11-19T16:52:09.302Z,1452 ms
2020-11-19T16:52:09.303Z,2020-11-19T16:52:10.770Z,1467 ms
2020-11-19T16:52:10.771Z,2020-11-19T16:52:13.308Z,2537 ms
2020-11-19T16:52:13.308Z,2020-11-19T16:52:47.728Z,34420 ms
2020-11-19T16:53:00.466Z,2020-11-19T16:53:00.499Z,33 ms
2020-11-19T16:53:00.500Z,2020-11-19T16:53:00.533Z,33 ms
2020-11-19T16:53:00.533Z,2020-11-19T16:53:00.567Z,34 ms
2020-11-19T16:53:00.568Z,2020-11-19T16:53:00.582Z,14 ms
2020-11-19T16:53:00.583Z,2020-11-19T16:53:00.612Z,29 ms
2020-11-19T16:53:00.613Z,2020-11-19T16:53:00.632Z,19 ms
2020-11-19T16:53:00.633Z,2020-11-19T16:53:00.656Z,23 ms
2020-11-19T16:53:00.656Z,2020-11-19T16:53:00.672Z,16 ms
2020-11-19T16:53:00.673Z,2020-11-19T16:53:00.697Z,24 ms
2020-11-19T16:53:00.697Z,2020-11-19T16:53:00.709Z,12 ms
2020-11-19T16:53:00.709Z,2020-11-19T16:53:00.717Z,8 ms
2020-11-19T16:53:00.717Z,2020-11-19T16:53:00.727Z,10 ms
